{
  "employees": [
    {
      "id": 1,
      "username": "Sebastian",
      "age": "Eschweiler",
      "height":4,
      "weight":45,
      "email": "sebastian@codingthesmartway.com",
      "address":"Tikabali"
    },
     {
      "id": 2,
      "username": "Sebastian",
      "age": "Eschweiler",
      "height":4,
      "weight":45,
      "email": "sebastian@codingthesmartway.com",
      "address":"Tikabali"
    },
     {
      "id": 3,
      "username": "Sebastian",
      "age": "Eschweiler",
      "height":4,
      "weight":45,
      "email": "sebastian@codingthesmartway.com",
      "address":"Tikabali"
    }
  ]
}